,TITLE,AUTHOR,DATE,STAR,RATING,CATEGORY
0,Alice's Adventures in Wonderland: 150th Anniversary Edition,Lewis Carroll,"Sep 29, 2015",4.5,8259,Arts & Photography
1,First Little Readers Parent Pack: Guided Reading Level A: 25 Irresistible Books That Are Just the Right Level for Beginning Readers,Deborah Schecter,"Oct 1, 2010",4.7,8170,Arts & Photography
2,Lettering and Modern Calligraphy: A Beginner's Guide: Learn Hand Lettering and Brush Lettering, | ,"Oct 27, 2017",4.4,8156,Arts & Photography
3,Disney Dreams Collection Thomas Kinkade Studios Coloring Book,Thomas Kinkade,"Sep 19, 2017",4.7,8004,Arts & Photography
4,Hinch Yourself Happy: All The Best Cleaning Tips To Shine Your Sink And Soothe Your Soul,Mrs Hinch,"Apr 4, 2019",4.7,7739,Arts & Photography
5,Mrs Hinch: The Activity Journal,Mrs Hinch,"Oct 17, 2019",-,6935,Arts & Photography
6,"The Ultimate Guide to Modern Calligraphy & Hand Lettering for Beginners: Learn to Letter: A Hand Lettering Workbook with Tips, Techniques, Practice Pages, and Projects", | ,"Aug 12, 2019",4.6,6497,Arts & Photography
7,Hamilton: The Revolution,Lin-Manuel Miranda,"Apr 12, 2016",-,6324,Arts & Photography
8,Adult Coloring Book: Stress Relieving Animal Designs,MantraCraft,"Jan 26, 2018",4.6,6198,Arts & Photography
9,Mere Christianity,C. S. Lewis,"Nov 25, 2003",-,6137,Arts & Photography
10,Bossypants,Tina Fey,"Jan 3, 2012",4.3,6063,Arts & Photography
11,A Swear Word Coloring Book for Adults: Sweary AF: F*ckity F*ck F*ck F*ck, | ,"Sep 18, 2017",4.7,6024,Arts & Photography
12,"100 Amazing Patterns: An Adult Coloring Book with Fun, Easy, and Relaxing Coloring Pages",Jade Summer,"Jul 15, 2019",4.6,5709,Arts & Photography
13,Let That Sh*t Go: A Journal for Leaving Your Bullsh*t Behind and Creating a Happy Life: Zen as F*ck Journals, | ,"Dec 23, 2019",4.7,5672,Arts & Photography
14,"Enchanted Forest: An Inky Quest and Coloring book (Activity Books, Mindfulness and Meditation, Illustrated Floral Prints)",Johanna Basford,"Feb 17, 2015",-,5565,Arts & Photography
15,The Legend of Zelda: Hyrule Historia,Patrick Thorpe,"Jan 29, 2013",-,5539,Arts & Photography
16,Howard Stern Comes Again,Howard Stern,"May 14, 2019",4.3,5512,Arts & Photography
17,"Go F*ck Yourself, I'm Coloring: Swear Word Coloring Book",Alex Fleming,"Jun 20, 2016",4.6,5444,Arts & Photography
18,"100 Flowers: An Adult Coloring Book with Bouquets, Wreaths, Swirls, Patterns, Decorations, Inspirational Designs, and Much More!",Jade Summer,"Jan 16, 2020",4.7,5228,Arts & Photography
19,The Ride of a Lifetime: Lessons Learned from 15 Years as CEO of the Walt Disney Company,Robert Iger,"Sep 23, 2019",-,5003,Arts & Photography
20,Q&A a Day: 5-Year Journal,Potter Gift,"Nov 23, 2010",4.7,4964,Arts & Photography
21,People of Walmart.com Adult Coloring Book: Rolling Back Dignity (OFFICIAL People of Walmart Coloring Books),Day Drankin' Press,"Sep 30, 2016",4.7,4955,Arts & Photography
22,"NIV, Journal the Word Bible, Leathersoft, Brown: Reflect, Journal, or Create Art Next to Your Favorite Verses",Zondervan,"Sep 6, 2016",4.6,4954,Arts & Photography
23,Romeo and Juliet,William Shakespeare,"May 1, 1998",4.6,4943,Arts & Photography
24,The Picture of Dorian Gray (Vintage Classics),Oscar Wilde,"Jul 26, 2011",4.4,4899,Arts & Photography
25,Frankenstein, | ,"Jul 7, 2020",4.4,4740,Arts & Photography
26,Open Book,Jessica Simpson,"Feb 4, 2020",4.7,4769,Arts & Photography
27,Stunning Digital Photography,Tony Northrup,"Dec 1, 2019",4.7,4746,Arts & Photography
28,The Anatomy Coloring Book,Wynn Kapit,"Mar 27, 2013",4.6,4743,Arts & Photography
29,"Wreck This Journal: To Create is to Destroy, Now With Even More Ways to Wreck!",Keri Smith,"Apr 22, 2013",4.7,4737,Arts & Photography
30,Teach Yourself to Play Guitar: A Quick and Easy Introduction for Beginners,David M. Brewster,"Apr 1, 2004",4.4,4472,Arts & Photography
31,"The Drawing Book for Kids: 365 Daily Things to Draw, Step by Step (Woo! Jr. Kids Activities Books)",Woo! Jr. Kids Activities,"Aug 16, 2017",4.7,4442,Arts & Photography
32,The Autobiography of Malcolm X: As Told to Alex Haley,Alex Haley,"Oct 12, 1987",-,126815,Biographies & Memoirs
33,Lone Survivor: The Eyewitness Account of Operation Redwing and the Lost Heroes of SEAL Team 10,Marcus Luttrell,"May 1, 2008",-,126815,Biographies & Memoirs
34,Left to Tell: Discovering God Amidst the Rwandan Holocaust,Immaculee Ilibagiza,"Apr 7, 2014",-,126815,Biographies & Memoirs
35,Becoming,Michelle Obama,"Nov 13, 2018",-,65225,Biographies & Memoirs
36,Too Much and Never Enough: How My Family Created the World's Most Dangerous Man, | ,"Jul 14, 2020",4.6,59719,Biographies & Memoirs
37,Educated: A Memoir,Tara Westover,"Feb 20, 2018",4.7,30962,Biographies & Memoirs
38,The Room Where It Happened: A White House Memoir, | ,"Jun 23, 2020",4.3,30370,Biographies & Memoirs
39,"Unbroken: A World War II Story of Survival, Resilience, and Redemption",Laura Hillenbrand,"Nov 16, 2010",-,29793,Biographies & Memoirs
40,Think and Grow Rich,Napoleon Hill,"Aug 7, 2018",4.7,27886,Biographies & Memoirs
41,The 5 Love Languages: The Secret to Love that Lasts,Gary Chapman,"Jan 1, 2015",-,27468,Biographies & Memoirs
42,Born a Crime: Stories from a South African Childhood,Trevor Noah,"Nov 15, 2016",-,24104,Biographies & Memoirs
43,Born a Crime: Stories from a South African Childhood,Trevor Noah,"Feb 12, 2019",-,24104,Biographies & Memoirs
44,Untamed,Glennon Doyle,"Mar 10, 2020",4.7,18194,Biographies & Memoirs
45,Can't Hurt Me: Master Your Mind and Defy the Odds,David Goggins,"Dec 10, 2018",-,17912,Biographies & Memoirs
46,Man's Search for Meaning,Viktor E. Frankl,"Jun 1, 2006",4.7,17476,Biographies & Memoirs
47,Man's Search for Meaning,Viktor E. Frankl,"Jan 1, 1702",4.7,17476,Biographies & Memoirs
48,Wild: From Lost to Found on the Pacific Crest Trail,Cheryl Strayed,"Mar 26, 2013",4.4,17329,Biographies & Memoirs
49,"If You Tell: A True Story of Murder, Family Secrets, and the Unbreakable Bond of Sisterhood",Gregg Olsen,"Dec 1, 2019",4.4,16246,Biographies & Memoirs
50,American Sniper: The Autobiography of the Most Lethal Sniper in U.S. Military History,Chris Kyle,"Jan 29, 2013",4.6,16093,Biographies & Memoirs
51,This Is Going to Hurt: Secret Diaries of a Medical Resident,Adam Kay,"Dec 3, 2019",4.6,16033,Biographies & Memoirs
52,Heaven is for Real: A Little Boy's Astounding Story of His Trip to Heaven and Back,Todd Burpo,"Oct 31, 2010",4.7,15859,Biographies & Memoirs
53,Hillbilly Elegy: A Memoir of a Family and Culture in Crisis,J. D. Vance,"May 1, 2018",4.4,15848,Biographies & Memoirs
54,Maude,Donna Foley Mabry,"Oct 16, 2014",4.4,14608,Biographies & Memoirs
55,When Breath Becomes Air,Paul Kalanithi,"Jan 12, 2016",4.7,14236,Biographies & Memoirs
56,Fire and Fury: Inside the Trump White House,Michael Wolff,"Jan 5, 2018",-,13875,Biographies & Memoirs
57,Proof of Heaven: A Neurosurgeon's Journey into the Afterlife, | ,"Oct 23, 2012",4.3,13703,Biographies & Memoirs
58,The Art Of War,Sun Tzu,"Nov 1, 2007",4.4,13093,Biographies & Memoirs
59,12 Years a Slave,Solomon Northup,"Feb 21, 2014",4.6,12552,Biographies & Memoirs
60,Just Mercy: A Story of Justice and Redemption,Bryan Stevenson,"Aug 18, 2015",-,11949,Biographies & Memoirs
61,How to Be an Antiracist,Ibram X. Kendi,"Aug 13, 2019",-,11918,Biographies & Memoirs
62,Sharp Objects,Gillian Flynn,"Jul 31, 2007",4.3,11644,Biographies & Memoirs
63,Killing Patton: The Strange Death of World War II's Most Audacious General (Bill O'Reilly's Killing Series),Bill O'Reilly,"Sep 23, 2014",4.6,10974,Biographies & Memoirs
64,Between the World and Me,Ta-Nehisi Coates,"Jul 14, 2015",4.7,10935,Biographies & Memoirs
65,Make Your Bed: Small things that can change your life... and maybe the world,William H. McRaven,"Jun 26, 2018",4.7,10909,Biographies & Memoirs
66,The 48 Laws of Power,Robert Greene,"Sep 1, 2000",4.7,10471,Biographies & Memoirs
67,Me: Elton John Official Autobiography,Elton John,"Oct 15, 2019",-,10113,Biographies & Memoirs
68,Alexander Hamilton,Ron Chernow,"Mar 29, 2005",-,10064,Biographies & Memoirs
69,Disloyal: A Memoir: The True Story of the Former Personal Attorney to President Donald J. Trump,Michael Cohen,"Sep 8, 2020",4.6,10028,Biographies & Memoirs
70,The Immortal Life of Henrietta Lacks,Rebecca Skloot,"Mar 8, 2011",4.7,9676,Biographies & Memoirs
71,Extreme Ownership: How U.S. Navy SEALs Lead and Win (New Edition),Jocko Willink,"Nov 21, 2017",-,9513,Biographies & Memoirs
72,Killing Lincoln: The Shocking Assassination that Changed America Forever (Bill O'Reilly's Killing Series),Bill O'Reilly,"Sep 1, 2015",4.7,9397,Biographies & Memoirs
73,A Street Cat Named Bob: And How He Saved My Life,James Bowen,"Oct 7, 2014",-,8961,Biographies & Memoirs
74,Shoe Dog: A Memoir by the Creator of Nike,Phil Knight,"May 1, 2018",-,8765,Biographies & Memoirs
75,Killers of the Flower Moon: The Osage Murders and the Birth of the FBI,David Grann,"Apr 3, 2018",4.6,8748,Biographies & Memoirs
76,Killing Kennedy: The End of Camelot,Bill O'Reilly,"Oct 2, 2012",4.6,8694,Biographies & Memoirs
77,I Know Why the Caged Bird Sings,Maya Angelou,"Apr 21, 2009",-,8296,Biographies & Memoirs
78,Meditations,Marcus Aurelius,"Jul 9, 2020",4.6,7456,Biographies & Memoirs
79,The Mamba Mentality: How I Play,Kobe Bryant,"Oct 23, 2018",-,8277,Biographies & Memoirs
80,Rich Dad Poor Dad: What the Rich Teach Their Kids About Money That the Poor and Middle Class Do Not!,Robert T. Kiyosaki,"Apr 11, 2017",4.7,33413,Business & Money
81,Think and Grow Rich: The Landmark Bestseller Now Revised and Updated for the 21st Century (Think and Grow Rich Series),Napoleon Hill,"Aug 18, 2005",4.7,27886,Business & Money
82,How To Win Friends and Influence People,Dale Carnegie,"Nov 3, 2009",4.7,26497,Business & Money
83,The Four Agreements (Illustrated Edition): A Practical Guide to Personal Freedom (Four-color Illustrated Ed.),Don Miguel Ruiz,"Nov 15, 2011",4.7,25667,Business & Money
84,The Life-Changing Magic of Tidying Up: The Japanese Art of Decluttering and Organizing,Marie Kondō,"Oct 14, 2014",4.5,23184,Business & Money
85,12 Rules for Life: An Antidote to Chaos,Jordan B. Peterson,"May 2, 2019",4.7,20321,Business & Money
86,The Art of War (Wisehouse Classics Edition),Sun Tzu,"Mar 15, 2016",4.4,13093,Business & Money
87,Atomic Habits: An Easy & Proven Way to Build Good Habits & Break Bad Ones,James Clear,"Oct 16, 2018",-,13977,Business & Money
88,The Total Money Makeover: Classic Edition: A Proven Plan for Financial Fitness,Dave Ramsey,"Sep 17, 2013",4.7,12389,Business & Money
89,"Thinking, Fast and Slow",Daniel Kahneman,"Apr 2, 2013",4.6,11632,Business & Money
90,The Intelligent Investor: The Definitive Book on Value Investing. A Book of Practical Counsel (Revised Edition),Benjamin Graham,"Feb 21, 2006",4.6,11543,Business & Money
91,The Power of Habit: Why We Do What We Do in Life and Business,Charles Duhigg,"Jan 7, 2014",4.6,11163,Business & Money
92,Outliers: The Story of Success,Malcolm Gladwell,"Jun 7, 2011",4.6,10965,Business & Money
93,The 48 Laws of Power,Robert Greene,"Sep 1, 2000",4.7,10471,Business & Money
94,Quiet: The Power of Introverts in a World That Can't Stop Talking,Susan Cain,"Jan 29, 2013",4.6,10366,Business & Money
95,The Richest Man in Babylon,George S. Clason,"Jan 1, 2002",4.7,9910,Business & Money
96,The 7 Habits of Highly Effective People: 30th Anniversary Card Deck (The Official 7 Habits Card Deck),Stephen R. Covey,"Jul 2, 2019",4.6,9667,Business & Money
97,Extreme Ownership: How U.S. Navy SEALs Lead and Win (New Edition),Jocko Willink,"Nov 21, 2017",-,9513,Business & Money
98,Start with Why: How Great Leaders Inspire Everyone to Take Action,Simon Sinek,"Dec 27, 2011",4.6,9142,Business & Money
99,"The 4-Hour Workweek: Escape 9-5, Live Anywhere, and Join the New Rich", | ,"Dec 15, 2009",4.5,8938,Business & Money
100,Shoe Dog: A Memoir by the Creator of Nike,Phil Knight,"May 1, 2018",-,8765,Business & Money
101,"Elon Musk: Tesla, SpaceX, and the Quest for a Fantastic Future",Ashlee Vance,"Jan 24, 2017",4.7,8204,Business & Money
102,Who Moved My Cheese,Spencer Johnson,"Sep 8, 1998",4.6,8160,Business & Money
103,Who Moved My Cheese?: An A-Mazing Way to Deal with Change in Your Work and in Your Life,Spencer Johnson,"Jan 1, 1999",4.6,8160,Business & Money
104,"Girl, Stop Apologizing: A Shame-Free Plan for Embracing and Achieving Your Goals",Rachel Hollis,"Mar 5, 2019",4.6,8132,Business & Money
105,Steve Jobs,Walter Isaacson,"Oct 24, 2011",4.6,7947,Business & Money
106,Hinch Yourself Happy: All The Best Cleaning Tips To Shine Your Sink And Soothe Your Soul,Mrs Hinch,"Apr 4, 2019",4.7,7739,Business & Money
107,Meditations: A New Translation (Modern Library (Hardcover)),Marcus Aurelius,"May 14, 2002",4.6,7456,Business & Money
108,Mrs Hinch: The Activity Journal,Mrs Hinch,"Oct 17, 2019",-,6935,Business & Money
109,Bad Blood: Secrets and Lies in a Silicon Valley Startup,John Carreyrou,"Jan 28, 2020",-,6538,Business & Money
110,Little Women (Great Illustrated Classics),Louisa May Alcott,"Jan 1, 2008",4.5,6504,Business & Money
111,Talking to Strangers, and ,"Jan 1, 2003",4.5,6457,Business & Money
112,Trump: The Art of the Deal,Donald J. Trump,"Oct 6, 2015",4.6,6394,Business & Money
113,"Red Notice: A True Story of High Finance, Murder, and One Man's Fight for Justice",Bill Browder,"Oct 20, 2015",-,6378,Business & Money
114,As A Man Thinketh,James Allen,"Mar 13, 2019",4.7,6323,Business & Money
115,"Lean In: Women, Work, and the Will to Lead",Sheryl Sandberg,"Mar 11, 2013",4.5,6213,Business & Money
116,So You Want to Talk About Race,Ijeoma Oluo,"Sep 24, 2019",-,6050,Business & Money
117,"Zero to One: Notes on Startups, or How to Build the Future",Peter Thiel,"Sep 16, 2014",4.6,5988,Business & Money
118,"The Daily Stoic: 366 Meditations on Wisdom, Perseverance, and the Art of Living",Ryan Holiday,"Oct 18, 2016",-,5958,Business & Money
119,The ONE Thing: The Surprisingly Simple Truth Behind Extraordinary Results,Gary Keller,"Apr 1, 2013",4.7,5938,Business & Money
120,"The Chimp Paradox: The Mind Management Program to Help You Achieve Success, Confidence, and Happine ss", | ,"May 30, 2013",4.6,5913,Business & Money
121,The Miracle Morning: The Not-So-Obvious Secret Guaranteed to Transform Your Life (Before 8AM),Hal Elrod,"Dec 7, 2012",4.6,5877,Business & Money
122,Mindset: The New Psychology of Success,Carol S. Dweck,"Dec 26, 2007",4.6,5864,Business & Money
123,The Lean Startup: How Today's Entrepreneurs Use Continuous Innovation to Create Radically Successful Businesses,Eric Ries,"Sep 13, 2011",4.5,5835,Business & Money
124,Factfulness: Ten Reasons We're Wrong About the World--and Why Things Are Better Than You Think,Hans Rosling,"Apr 7, 2020",4.6,5786,Business & Money
125,"5 AM Club, The: Own Your Morning. Elevate Your Life.",Robin Sharma,"Jan 7, 2020",4.5,5761,Business & Money
126,MONEY Master the Game: 7 Simple Steps to Financial Freedom,Tony Robbins,"Mar 29, 2016",4.5,5418,Business & Money
127,Big Magic: Creative Living Beyond Fear,Elizabeth Gilbert,"Sep 27, 2016",4.6,5367,Business & Money
128,Who Moved My Cheese 2003 Block Calendar: An A-Mazing Way to Deal With Change in Your Work and in Your Life,Spencer Johnson,"Jul 1, 2002",4.6,8160,Avg. Customer Review
129,"The Knot Ultimate Wedding Planner & Organizer [binder edition]: Worksheets, Checklists, Etiquette, Calendars, and Answers to Frequently Asked Questions by Roney, Carley (2013) Ring-bound",Carley Roney,"Dec 2, 2012",4.6,4239,Avg. Customer Review
130,"Katie Daisy 2020 On-the-Go Weekly Planner: 17-Month Calendar with Pocket (Aug 2019 - Dec 2020, 5"" x 7"" closed)",Amber Lotus Publishing,"Jun 19, 2019",4.7,3881,Avg. Customer Review
131,2021 Pooping Pooches White Elephant Gag Gift Calendar, | ,"Aug 20, 2017",-,3206,Avg. Customer Review
132,Thomas Kinkade Studios: Disney Dreams Collection 2020 Wall Calendar,Thomas Kinkade,"May 28, 2019",-,2956,Avg. Customer Review
133,"Katie Daisy 2018 - 2019 On-the-Go Weekly Planner: 17-Month Calendar with Pocket (Aug 2018 - Dec 2019, 5 x 7 closed)",Katie Daisy,"May 15, 2018",4.7,2408,Avg. Customer Review
134,Vader's Little Princess 2015 Wall Calendar (Star Wars),Jeffrey Brown,"Jul 22, 2014",-,2093,Avg. Customer Review
135,"Katie Daisy 2020 - 2021 On-the-Go Weekly Planner: 17-Month Calendar with Pocket (Aug 2020 - Dec 2021, 5"" x 7"" closed): Hello Beauty",Amber Lotus Publishing,"Apr 20, 2020",-,1955,Avg. Customer Review
136,Der Lebensfreude Kalender 2020: Das Original als Jubiläumsausgabe: 30 Jahre Lebensfreude-Kalender,Rolf Merkle,"Jul 5, 2019",4.6,1665,Avg. Customer Review
137,The Power of Intention Perpetual Flip Calendar: A Calendar To Use Year After Year,Wayne W. Dyer,"Jan 1, 2004",4.7,1557,Avg. Customer Review
138,Elements 2017 Calendar: A Visual Exploration of Every Known Atom in the Universe,Theodore Gray,"Jul 5, 2016",-,1550,Avg. Customer Review
139,2021 Amy Knapp's Big Grid Family Organizer Wall Calendar: August 2020-December 2021,Amy Knapp,"May 1, 2020",-,1500,Avg. Customer Review
140,2020 Amy Knapp's Big Grid Family Organizer Wall Calendar: August 2019-December 2020,Amy Knapp,"May 1, 2019",-,1500,Avg. Customer Review
141,2019 Amy Knapp's Big Grid Family Organizer Wall Calendar: August 2018-December 2019,Amy Knapp,"May 1, 2018",-,1500,Avg. Customer Review
142,2021 National Park Foundation Wall Calendar, | ,"Jul 1, 2020",4.7,1462,Avg. Customer Review
143,2020 National Park Foundation Wall Calendar, | ,"Jul 1, 2019",4.7,1462,Avg. Customer Review
144,2019 National Park Foundation Wall Calendar, | ,"Jul 1, 2018",4.7,1462,Avg. Customer Review
145,Pusheen 2020 Wall Calendar,Claire Belton,"Jun 18, 2019",-,1459,Avg. Customer Review
146,Dilbert 2020 Day-to-Day Calendar, | ,"May 21, 2019",-,1421,Avg. Customer Review
147,FORTNITE (Official): 2020 Calendar,Epic Games,"Jul 30, 2019",-,1371,Avg. Customer Review
148,Thomas Kinkade Painter of Light 2020 Deluxe Wall Calendar,Thomas Kinkade,"Jun 18, 2019",-,1146,Avg. Customer Review
149,F*cking Planner Stickers: Over 500 f*cking stickers to get your sh*t under control, | ,"Aug 1, 2019",4.7,1085,Avg. Customer Review
150,Mary Engelbreit 2020 Deluxe Wall Calendar: A Woman of Few Words,Mary Engelbreit,"May 28, 2019",-,1026,Avg. Customer Review
151,Doug the Pug 2020 Wall Calendar (Dog Breed Calendar),Leslie Mosier,"Jun 28, 2019",-,1011,Avg. Customer Review
152,Mom's Family Wall Calendar 2020,Sandra Boynton,"Jul 9, 2019",-,994,Avg. Customer Review
153,Dog Shaming 2020 Day-to-Day Calendar, and ,"Jul 2, 2019",-,946,Avg. Customer Review
154,A F*cking 2021 Calendar: Get Your Sh*t Together This Year - Includes Stickers!, | ,"May 1, 2020",-,944,Avg. Customer Review
155,A F*cking 2020 Calendar: Get Your Sh*t Together This Year- Includes Stickers!, | ,"May 1, 2019",-,944,Avg. Customer Review
156,Wer weiß denn sowas? Tagesabreißkalender 2020,No Author,"Apr 16, 2019",4.7,945,Avg. Customer Review
157,Under the Tuscan Sun 2011 Engagement Calendar,Frances Mayes,"Jul 28, 2010",-,934,Avg. Customer Review
158,"Llewellyn's 2020 Astrological Calendar: 87th Edition of the World's Best Known, Most Trusted Astrology Calendar",", ","Jul 8, 2019",4.7,895,Avg. Customer Review
159,2021 Amy Knapp's The Very Busy Planner: August 2020-December 2021,Amy Knapp,"May 12, 2020",4.6,893,Avg. Customer Review
160,2019 Amy Knapp's The Very Busy Planner: August 2018-December 2019,Amy Knapp,"May 1, 2018",4.6,893,Avg. Customer Review
161,2020 Amy Knapp's The Very Busy Planner: August 2019-December 2020,Amy Knapp,"May 1, 2019",4.6,893,Avg. Customer Review
162,Zombie Survival Guide: 2011 Day-to-Day Calendar, | ,"Aug 30, 2010",4.3,867,Avg. Customer Review
163,Sierra Club Engagement Calendar 2021, | ,"Jul 28, 2020",-,863,Avg. Customer Review
164,Sierra Club Wilderness Calendar 2021, | ,"Jul 28, 2020",-,863,Avg. Customer Review
165,Sierra Club Engagement Calendar 2020, | ,"Jul 23, 2019",-,863,Avg. Customer Review
166,Sierra Club Wilderness Calendar 2020, | ,"Jul 23, 2019",-,863,Avg. Customer Review
167,2021 Amy Knapp's Family Organizer: August 2020-December 2021,Amy Knapp,"May 12, 2020",4.7,859,Avg. Customer Review
168,2020 Amy Knapp's Family Organizer: August 2019-December 2020,Amy Knapp,"May 1, 2019",4.7,859,Avg. Customer Review
169,2019 Amy Knapp's Family Organizer: August 2018-December 2019,Amy Knapp,"May 1, 2018",4.7,859,Avg. Customer Review
170,Mary Engelbreit 2020 Day-to-Day Calendar: Do the Breit Thing,Mary Engelbreit,"May 21, 2019",-,832,Avg. Customer Review
171,FORTNITE (OFFICIAL): 2019 Calendar,Epic Games,"Nov 27, 2018",4.7,828,Avg. Customer Review
172,Thomas Kinkade: The Disney Dreams Collection 2018 Wall Calendar,Thomas Kinkade,"May 30, 2017",-,827,Avg. Customer Review
173,Thomas Kinkade: The Disney Dreams Collection 2018 Engagement Calendar (The Disney Dream Collection),Thomas Kinkade,"Jun 20, 2017",-,827,Avg. Customer Review
174,F in Exams 2018 Daily Calendar: 365 Days of the Very Best Totally Wrong Test Answers.,Richard Benson,"Aug 1, 2017",4.3,824,Avg. Customer Review
175,Life Hacks 2020 Day-to-Day Calendar,Keith Bradford,"Jun 18, 2019",4.7,822,Avg. Customer Review
176,The Wonky Donkey: A Board Book,Craig Smith,"Dec 29, 2020",-,126815,Children's Books
177,Corduroy,Don Freeman,"Oct 16, 2014",-,126815,Children's Books
178,The Pigeon HAS to Go to School!,Mo Willems,"Jul 2, 2019",-,126815,Children's Books
179,The Hunger Games (Book 1),Suzanne Collins,"Jul 3, 2010",4.7,32418,Children's Books
180,Mockingjay (Hunger Games),Suzanne Collins,"Feb 25, 2014",4.5,27100,Children's Books
181,"School Zone - Big Preschool Workbook - Ages 4 and Up, Colors, Shapes, Numbers 1-10, Alphabet, Pre-Writing, Pre-Reading, Phonics, and More (School Zone Big Workbook Series)",School Zone,"Jun 7, 2018",-,26286,Children's Books
182,"My First Learn to Write Workbook: Practice for Kids with Pen Control, Line Tracing, Letters, and More! (Kids coloring activity books)",Crystal Radke,"Aug 27, 2019",-,25576,Children's Books
183,"Harry Potter and the Cursed Child, Parts One and Two: The Official Playscript of the Original West End Production",J.K. Rowling,"Jul 25, 2017",-,24640,Children's Books
184,The Book Thief,Markus Zusak,"Sep 11, 2007",4.6,23656,Children's Books
185,Catching Fire |Hunger Games|2,Suzanne Collins,"Jun 4, 2013",4.7,22933,Children's Books
186,The Ballad of Songbirds and Snakes (A Hunger Games Novel),Suzanne Collins,"May 19, 2020",4.7,22916,Children's Books
187,Wonder,R. J. Palacio,"Feb 14, 2012",-,22380,Children's Books
188,The Very Hungry Caterpillar,Eric Carle,"Mar 23, 1994",-,21375,Children's Books
189,The Very Hungry Caterpillar Giant Board Book and Plush package,Eric Carle,"Oct 1, 2001",-,21375,Children's Books
190,"Harry Potter and the Chamber of Secrets: The Illustrated Edition (Harry Potter, Book 2)",J.K. Rowling,"Oct 4, 2016",-,20839,Children's Books
191,Love You Forever,Robert Munsch,"Sep 1, 1995",-,19932,Children's Books
192,If Animals Kissed Good Night,Ann Whitford Paul,"Jun 3, 2014",-,18521,Children's Books
193,First 100 Words,Roger Priddy,"May 10, 2011",4.7,18399,Children's Books
194,"Carson Dellosa | First Words Flash Cards | Phonics, Preschool, 54ct", | ,"Mar 15, 2006",-,17829,Children's Books
195,Man's Search for Meaning: Young Adult Edition,Viktor E. Frankl,"Apr 25, 2017",4.7,17476,Children's Books
196,The Hunger Games Trilogy: The Hunger Games / Catching Fire / Mockingjay,Suzanne Collins,"Jun 24, 2014",-,17386,Children's Books
197,The Hobbit,J. R. R. Tolkien,"Sep 18, 2012",4.7,16835,Children's Books
198,I Am Enough,Grace Byers,"Mar 6, 2018",-,15794,Children's Books
199,"Brown Bear, Brown Bear, What Do You See?",Bill Martin Jr.,"Sep 15, 1996",-,15622,Children's Books
200,Harry Potter and the Deathly Hallows (Book 7),J. K. Rowling,"Jul 7, 2009",-,15359,Children's Books
201,Harry Potter and the Deathly Hallows (Book 7),J. K. Rowling,"Jul 21, 2007",-,15359,Children's Books
202,Harry Potter And The Order Of The Phoenix,J.K. Rowling,"Aug 10, 2004",-,15263,Children's Books
203,Giraffes Can't Dance,Giles Andreae,"Mar 1, 2012",-,15192,Children's Books
204,"Oh, the Places You'll Go!  ",Dr. Seuss,"Jan 22, 1990",-,14465,Children's Books
205,Harry Potter And The Prisoner Of Azkaban,J.K. Rowling,"Sep 11, 2001",-,14281,Children's Books
206,Harry Potter And The Goblet Of Fire,J.K. Rowling,"Jul 30, 2002",-,14167,Children's Books
207,Harry Potter Paperback Box Set (Books 1-7),J. K. Rowling,"Jul 1, 2009",-,14125,Children's Books
208,Harry Potter and the Half-Blood Prince (Book 6),J.K. Rowling,"Jul 25, 2006",-,13529,Children's Books
209,Dog Man: Fetch-22: From the Creator of Captain Underpants (Dog Man #8),Dav Pilkey,"Dec 10, 2019",-,13430,Children's Books
210,Dog Man: Fetch-22: From the Creator of Captain Underpants (Dog Man #8),Dav Pilkey,"Dec 10, 2019",-,13430,Children's Books
211,"Twilight (The Twilight Saga, Book 1)",Stephenie Meyer,"Sep 27, 2005",4.7,12310,Children's Books
212,Chicka Chicka Boom Boom (Board Book),John Archambault,"Aug 28, 2012",-,12103,Children's Books
213,"Last Week Tonight with John Oliver Presents A Day in the Life of Marlon Bundo (Better Bundo Book, LGBT Children s Book)",Jill Twiss,"Mar 18, 2018",-,12103,Children's Books
214,P is for Potty! (Sesame Street) (Lift-the-Flap), and ,"Jul 22, 2014",4.7,11864,Children's Books
215,"Ender's Game (The Ender Quintet, 1)",Orson Scott Card,"Mar 4, 2014",4.6,11765,Children's Books
216,Dear Zoo: A Lift-the-Flap Book,Rod Campbell,"May 8, 2007",-,11691,Children's Books
217,The Giving Tree,Shel Silverstein,"Feb 18, 2014",-,11611,Children's Books
218,The Giver (1) (Giver Quartet),Lois Lowry,"Jul 1, 2014",4.6,11514,Children's Books
219,Where the Wild Things Are,Maurice Sendak,"Dec 26, 2012",-,10980,Children's Books
220,A Christmas Carol (Bantam Classics),Charles Dickens,"Nov 1, 1986",4.6,10705,Children's Books
221,"I Am Confident, Brave & Beautiful: A Coloring Book for Girls",Hopscotch Girls,"Nov 13, 2017",-,10614,Children's Books
222,Percy Jackson and the Olympians 5 Book Paperback Boxed Set (new covers w/poster) (Percy Jackson & the Olympians),Rick Riordan,"Jun 3, 2014",-,10580,Children's Books
223,"The Pout-Pout Fish (A Pout-Pout Fish Adventure, 1)",Deborah Diesen,"Mar 18, 2008",-,10534,Children's Books
